<?xml version="1.0" encoding="UTF-8"?>
<!DOCTYPE mapper PUBLIC 
	"-//mybatis.org//DTD Mapper 3.0//EN" 
	"http://mybatis.org/dtd/mybatis-3-mapper.dtd">
	
<mapper namespace="com.itbank.repository.BoardDAO">

	<select id="selectListAll" resultType="recipe">
		select * from recipe order by recipeIdx
	</select>
	
	<select id="selectNewrecipe" resultType="recipe">
		select * from recipe order by registerDate desc
          fetch first 12 rows only
	</select>
		
	<select id="selectAll" resultType="recipe" parameterType="hashmap">
      
      select 
         * from recipe
          
         order by recipeIdx desc
         offset #{offset} rows         
         fetch first #{perPage} rows only
         
   </select>
   
   <select id="search" resultType="recipe" parameterType="hashmap">
      select * from recipe
          where recipeName like '%${recipeName}%'  
         order by recipeIdx desc   
         offset #{offset} rows
         fetch first #{perPage} rows only   
   </select>

   
   <select id="selectBoardCount" resultType="int">
      select count(*) from recipe
   </select>
   
   <select id="selectSearchBoardCount" parameterType="string" resultType="int">
      select count(*) from recipe
          where recipeName like '%${recipeName}%'
          order by recipeIdx desc   
   </select>
   
   <select id="getPopularAwardIng1" resultType="award">
   		select C.ingredient1 AS ingredient1, count(C.ingredient1) AS countIng1
      from recipe R 
        join category C
       on R.recipeIdx = C.recipeIdx  
       where score Between 4.0 and 5.0
       and not C.ingredient1 is null
       and R.scoreUserSum between 30 and 100000
         group by C.ingredient1 
         order by count(C.ingredient1) desc
           fetch first 5 rows only
   </select>
   
     <select id="getPopularAwardIng2" resultType="award">
     select C.ingredient2 AS ingredient2, count(C.ingredient2) AS countIng2
      from recipe R
       join category C
       on R.recipeIdx = C.recipeIdx  
       where score Between 4.0 and 5.0
       and not C.ingredient2 is null
       and R.scoreUserSum between 30 and 100000
         group by C.ingredient2
        order by count(C.ingredient2) desc
           fetch first 5 rows only
   </select>
   
   <select id="getAge10Chart" resultType="award">
   	    select RC.ingredient1 AS ingredient1, LM.age AS age, sum(LM.count) AS ageCountIng1
      from 
      (select C.ingredient1, Count(C.ingredient1), R.recipeidx
       from recipe R
       join category C
       on R.recipeIdx = C.recipeIdx 
        group by C.ingredient1, R.recipeIdx) RC
        join
       (select M.age, Count(M.age)AS count, L.recipeIdx
       from likeHeart L
       join member M
       on L.userIdx = M.userIdx
       group by M.age, L.recipeIdx) LM
       on LM.recipeIdx = RC.recipeIdx
       where not RC.ingredient1 is null
       and age = '10 ~ 19'
       group by RC.ingredient1, LM.age
       order by age, ageCountIng1 desc
       fetch first 3 rows only
   </select>
   
      <select id="getAgeTwoChart" resultType="award">
   	    select RC.ingredient1 AS ingredient1, LM.age AS age, sum(LM.count) AS ageCountIng1
      from 
      (select C.ingredient1, Count(C.ingredient1), R.recipeidx
       from recipe R
       join category C
       on R.recipeIdx = C.recipeIdx 
        group by C.ingredient1, R.recipeIdx) RC
        join
       (select M.age, Count(M.age)AS count, L.recipeIdx
       from likeHeart L
       join member M
       on L.userIdx = M.userIdx
       group by M.age, L.recipeIdx) LM
       on LM.recipeIdx = RC.recipeIdx
       where not RC.ingredient1 is null
       and age = '20 ~ 29'
       group by RC.ingredient1, LM.age
       order by age, ageCountIng1 desc
       fetch first 3 rows only
   </select>
   
      <select id="getAgeThreeChart" resultType="award">
   	    select RC.ingredient1 AS ingredient1, LM.age AS age, sum(LM.count) AS ageCountIng1
      from 
      (select C.ingredient1, Count(C.ingredient1), R.recipeidx
       from recipe R
       join category C
       on R.recipeIdx = C.recipeIdx 
        group by C.ingredient1, R.recipeIdx) RC
        join
       (select M.age, Count(M.age)AS count, L.recipeIdx
       from likeHeart L
       join member M
       on L.userIdx = M.userIdx
       group by M.age, L.recipeIdx) LM
       on LM.recipeIdx = RC.recipeIdx
       where not RC.ingredient1 is null
       and age = '30 ~ 39'
       group by RC.ingredient1, LM.age
       order by age, ageCountIng1 desc
       fetch first 3 rows only
   </select>
   
      <select id="getAgeForeChart" resultType="award">
   	    select RC.ingredient1 AS ingredient1, LM.age AS age, sum(LM.count) AS ageCountIng1
      from 
      (select C.ingredient1, Count(C.ingredient1), R.recipeidx
       from recipe R
       join category C
       on R.recipeIdx = C.recipeIdx 
        group by C.ingredient1, R.recipeIdx) RC
        join
       (select M.age, Count(M.age)AS count, L.recipeIdx
       from likeHeart L
       join member M
       on L.userIdx = M.userIdx
       group by M.age, L.recipeIdx) LM
       on LM.recipeIdx = RC.recipeIdx
       where not RC.ingredient1 is null
       and age = '40 ~ 49'
       group by RC.ingredient1, LM.age
       order by age, ageCountIng1 desc
       fetch first 3 rows only
   </select>
   
      <select id="getAgeFiveChart" resultType="award">
   	    select RC.ingredient1 AS ingredient1, LM.age AS age, sum(LM.count) AS ageCountIng1
      from 
      (select C.ingredient1, Count(C.ingredient1), R.recipeidx
       from recipe R
       join category C
       on R.recipeIdx = C.recipeIdx 
        group by C.ingredient1, R.recipeIdx) RC
        join
       (select M.age, Count(M.age)AS count, L.recipeIdx
       from likeHeart L
       join member M
       on L.userIdx = M.userIdx
       group by M.age, L.recipeIdx) LM
       on LM.recipeIdx = RC.recipeIdx
       where not RC.ingredient1 is null
       and age = '50 ~ 59'
       group by RC.ingredient1, LM.age
       order by age, ageCountIng1 desc
       fetch first 3 rows only
   </select>
   
   <select id="getPopularScore" resultType="recipe">
    select * from recipe order by score desc
    fetch first 3 rows only
   </select>
   
   <select id="getPopularLikeSum" resultType="recipe">
     select * from recipe order by likeSum desc
    fetch first 3 rows only
   </select>
   
   
   
   
</mapper>