<?xml version="1.0" encoding="UTF-8"?>
<!DOCTYPE mapper PUBLIC 
	"-//mybatis.org//DTD Mapper 3.0//EN" 
	"http://mybatis.org/dtd/mybatis-3-mapper.dtd">

<mapper namespace="com.itbank.repository.CommunityDAO">

	<select id="selectAll" resultType="community"
		parameterType="hashmap">

		select
		* from communityBoard

		order by communityIdx desc
		offset #{offset} rows
		fetch first #{perPage} rows only

	</select>

	<select id="search" resultType="community"
		parameterType="hashmap">
		select * from communityBoard
		where communityTitle like '%${communityTitle}%'

		order by communityIdx desc
		offset #{offset} rows
		fetch first #{perPage} rows only
	</select>


	<select id="selectCommunityCount" resultType="int">
		select count(*) from communityBoard
	</select>

	<select id="selectSearchCommunityCount" parameterType="string"
		resultType="int">
		select count(*) from communityBoard
		where communityTitle like '%${communityTitle}%'
	</select>

	<select id="selectOne" parameterType="int" resultType="community">
		select * 
    	from communityBoard
		where communityIdx=#{communityIdx}
	</select>
	
	<select id="selectLastIdx" resultType="int">
		select max(communityIdx) from communityBoard
	</select>

	<insert id="insertUploadImage" parameterType="hashmap">
		insert into uploadImage
			(communityIdx, oldName, newName, communityContent)
		values
			(#{communityIdx}, #{oldName}, #{newName}, #{communityContent})
	</insert>
	
	<insert id="insert" parameterType="community">
		insert into communityBoard (userIdx,
		nickName, communityTitle, writeDate, thumbnail, ipaddr
		)
		values (
		#{userIdx},
		#{nickName},
		#{communityTitle},
		sysdate,
		#{thumbnail},
		#{ipaddr}
		)
	</insert>

	<select id="getCommunity" resultType="hashmap">
	select distinct
	    C.communityIdx, C.communityContent, 
	    (select newName from uploadImage where imageIdx = C.communityIdx fetch first rows only) as thumbnail
	        from communityBoard C
	    join UploadImage U
	        on C.communityIdx = U.imageIdx 
	    order by communityIdx desc
	</select>

	<!-- <insert id="write2" parameterType="community"> insert into communityBoard 
		(nickName, communityTitle, communityContent, ipaddr, communityViews) values 
		( #{nickName}, #{communityTitle}, #{communityContent}, #{ipaddr}, #{communityViews} 
		) </insert> -->

	<update id="viewCount" parameterType="int">
		update communityBoard
		set
		communityViews = communityViews + 1 where communityIdx=#{communityIdx}
	</update>

 	<update id="modify" parameterType="community">
		update communityBoard
			set
			    communityTitle = #{communityTitle},
			    thumbnail = #{thumbnail}
			where
				communityIdx = #{communityIdx}
 	</update>
 	
 	<update id="modify_upload" parameterType="communityUpload">
		update uploadImage
			set
			    newName = #{newName},
			    communityContent = #{communityContent}
			where
				communityIdx = #{communityIdx}
 	</update>

	<delete id="delete" parameterType="int">
		delete communityBoard where
		communityIdx = #{communityIdx}
	</delete>
	
	<delete id="deleteUploadfiles" parameterType="int">
		delete uploadImage where
		communityIdx = #{communityIdx}
	</delete>
	
<!-- order by 수정됨 -->
	<select id="getUploadFile" parameterType="int" resultType="communityUpload">
		select * from uploadImage where communityIdx = #{communityIdx}
		order by imageIdx asc
	</select>

<!-- 추가됨 -->
	<select id="getImage" parameterType="int" resultType="communityUpload">
		select * from uploadImage where imageIdx = #{imageIdx}
	</select>

<!-- 추가됨 -->	
	<update id="modify_uploadFile" parameterType="communityUpload">
		update uploadImage
			set newName = #{newName},
			communityContent = #{communityContent}
			where
				imageIdx = #{imageIdx}
	</update>

	<select id="selectUploadFileNewName" resultType="string" parameterType="int">
		select newname from uploadImage where communityIdx = #{communityIdx}
	</select>
	
	<select id="selectList_community" resultType="community">
		select
		* from communityBoard
		order by communityIdx 
	</select>
</mapper>