<?xml version="1.0" encoding="UTF-8"?>
<!DOCTYPE mapper PUBLIC 
	"-//mybatis.org//DTD Mapper 3.0//EN" 
	"http://mybatis.org/dtd/mybatis-3-mapper.dtd">
	
<mapper namespace="com.itbank.repository.CommentsDAO">
	
	<!-- 회원별 레시피별 댓글 -->
	<select id="selectUserCommentsList" parameterType="int" resultType="comments">
		select 
	    
	    recipe.recipeName,
	   	comments.nickName,
	    comments.memo,
	    comments.commentsIdx
	    
	    from comments
	    
	    join 
	        recipe 
	        on recipe.recipeIdx = comments.recipeIdx
	    
	    where comments.userIdx = #{userIdx}
	</select>
	
	<!-- 댓글 삭제 -->
	<delete id="delete_comments" parameterType="int">
		delete comments where commentsIdx = #{commentsIdx}
	</delete>
	
	<!-- 댓글 불러오기 -->
	<select id="getCommentsList" parameterType="int" resultType="comments">
		select *
		from comments
		where recipeIdx = #{recipeIdx}
	</select>
	<insert id="writeComments">
		insert into comments
			(recipeIdx, userIdx, nickName, score, memo)
			values
			(#{recipeIdx},#{userIdx},#{nickName},#{score},#{memo} )
	</insert>
	
	<select id="commentsSelectOne" parameterType="int" resultType="comments">
		select *
		from comments
		where commentsIdx = #{commentsIdx}
	</select>
	
	<select id="getScoreAvg" resultType="double">
		select avg(score) from comments where recipeIdx = #{recipeIdx}
	</select>

	<update id="updateScoreAvg" parameterType="hashmap">
		update recipe set score = #{scoreAvg} where recipeIdx = #{recipeIdx}
	</update>
	
	<select id="getUserSum" resultType="int">
		select count(*) from comments where recipeIdx = #{recipeIdx}
	</select>
	
	<update id="updateUserSum" parameterType="hashmap">
		update recipe set scoreUserSum = #{scoreUserSum} where recipeIdx = #{recipeIdx}
	</update>
	
	<select id="getRecipeIdx" parameterType="int" resultType="int">
		select recipeIdx from comments where commentsIdx = #{commentsIdx}
	</select>
	
</mapper>