<?xml version="1.0" encoding="UTF-8"?>
<!DOCTYPE configuration
    PUBLIC "-//mybatis.org//DTD Config 3.0//EN"
    "http://mybatis.org/dtd/mybatis-3-config.dtd">
			
<configuration>
	<settings>
		<setting name="cacheEnabled" value="false"/>
		<setting name="useGeneratedKeys" value="false"/>
		<setting name="mapUnderscoreToCamelCase" value="false"/>
		<!-- 
				<mapUnderScoreToCamelCase> 설명
				user_name -> userName
		 -->
	</settings>
	<typeAliases>
		<typeAlias type="com.itbank.model.MemberDTO" alias="member" />
		<typeAlias type="com.itbank.model.RecipeDTO" alias="recipe" />
		<typeAlias type="com.itbank.model.CommentsDTO" alias="comments" />
		<typeAlias type="com.itbank.model.CategoryDTO" alias="category" />
		<typeAlias type="com.itbank.model.RecipeCountDTO" alias="recipeCount" />
		<typeAlias type="com.itbank.model.LikeHeartDTO" alias="heart" />
		<typeAlias type="com.itbank.model.AwardDTO" alias="award" />
		<typeAlias type="com.itbank.model.CommunityDTO" alias="community" />
		<typeAlias type="com.itbank.model.CommunityUploadDTO" alias="communityUpload" />
		<typeAlias type="com.itbank.model.ComuCommentsDTO" alias="comuComments" />
	</typeAliases>
	
</configuration>
	