<?xml version="1.0" encoding="UTF-8"?>
<!DOCTYPE mapper PUBLIC 
	"-//mybatis.org//DTD Mapper 3.0//EN" 
	"http://mybatis.org/dtd/mybatis-3-mapper.dtd">
	
<mapper namespace="com.itbank.repository.MemberDAO">
	
	<insert id="addMember" parameterType="member">
		INSERT INTO member (userGroups, userEmail, userPw, userName, nickName, age)
		values(#{userGroups}, #{userEmail}, #{userPw}, #{userName}, #{nickName}, #{age})
	</insert>
	
	<select id="dupCheck" parameterType="String" resultType="int">
		SELECT COUNT(userEmail) FROM member WHERE userEmail= #{userEmail}
	</select>
	
	<select id="nicknameDupResult" parameterType="String" resultType="int">
		SELECT COUNT(nickName) FROM member WHERE nickName= #{nickName}
	</select>
	
	<select id="login" resultType="member" parameterType="member">
		select *
		from member
		where userEmail = #{userEmail}
		and	userPw = #{userPw}
	</select>
		<select id="loginKakao" resultType="member" parameterType="member">
		select *
		from member
		where userEmail = #{userEmail}
		and	userPw = #{userPw}
		and userGroups = 2
	</select>
	
	<select id="selectList_member" resultType="member">
		select * from member where not userGroups in (1) order by userIdx
	</select>
	
	<delete id="delete_member" parameterType="int">
		delete member where userIdx = #{userIdx}
	</delete>
	
	<select id="getSearchMember" parameterType="string" resultType="member">
		select * from member where not userGroups in (1) and userName like '%${userName}%' order by userIdx
	</select>
	
	<!-- 마이페이지 목록 -->
	<select id="showMypage" parameterType="member" resultType="int">
		select count(*) from member where userIdx=#{userIdx} and userPw = #{userPw}
	</select>
	
	<!-- 마이페이지 목록 -->
	<select id="getMypage" parameterType="int" resultType="member">
		select * from member where userIdx=#{userIdx}
	</select>
	
	<!-- 마이페이지 수정 -->
	<update id="modifyMypage" parameterType="member">
		update member
		set
		userName=#{userName},
		userPw=#{userPw},
		nickName=#{nickName},
		userEmail=#{userEmail},
		age=#{age}
		where 
		userIdx=#{userIdx}
	</update>
	
	<update id="modifyPw" parameterType="member">
		update member
		set 
		userPw=#{userPw}
		where userIdx=#{userIdx}
	</update>
	
	<delete id="withdraw_member" parameterType="int">
		delete member where userIdx = #{userIdx}
	</delete>
	
	<update id="findSetPw" parameterType="String">
		update member
		set 
		userPw=#{userPw}
		where userEmail=#{userEmail}
	</update>
	
</mapper>