<?xml version="1.0" encoding="UTF-8"?>
<!DOCTYPE mapper PUBLIC 
	"-//mybatis.org//DTD Mapper 3.0//EN" 
	"http://mybatis.org/dtd/mybatis-3-mapper.dtd">

<mapper namespace="com.itbank.repository.RecipeDAO">
	<insert id="insert_recipe" parameterType="recipe">
		insert into recipe(recipeName,recipeURL,recipeThumbNail,recipeSourceCode)
		values
		(#{recipeName},#{recipeURL},#{recipeThumbNail},#{recipeSourceCode})
	</insert>

	<select id="selectOne_recipe" parameterType="int" resultType="recipe">
		select * 
      from recipe R
       join category C
       on R.recipeIdx = C.recipeIdx
         where R.recipeIdx=#{recipeIdx}
	</select>
	
	<select id="heartCheckRecipe" parameterType="int" resultType="Integer">
		select * 
      from recipe R
       join likeHeart C
       on R.recipeIdx = C.recipeIdx
         where R.recipeIdx= #{recipeIdx}
         and userIdx = #{userIdx}
	</select>

	<update id="update_recipe" parameterType="recipe">
		update recipe 
		set 
			recipeName=#{recipeName},
			recipeURL=#{recipeURL},
			recipeThumbNail=#{recipeThumbNail},
			recipeSourceCode=#{recipeSourceCode}
		where recipeIdx=#{recipeIdx}
	</update>
	
	<update id="modifyCategory" parameterType="recipe">
		update category
		set
		ingredient1=#{ingredient1},
		ingredient2=#{ingredient2},
		ingredient3=#{ingredient3},
		hand=#{hand}
		where recipeIdx=#{recipeIdx}
	</update>
	
	<select id="getSearchRecipe" parameterType="string" resultType="recipe">
		select * 
		from recipe R
	    join category C
	    on R.recipeIdx = C.recipeIdx
	    where R.recipeName like '%${recipeName}%' 
		order by R.recipeIdx
	</select>

	<select id="getSearchCategory" resultType="category">
		select * 
		from category
	</select>

	<!-- 관리자 삭제 -->
	<delete id="delete_recipe" parameterType="int">
		delete recipe where recipeIdx = #{recipeIdx}
	</delete>
	
	<!-- 추가 -->
	<insert id="addCategory" parameterType="category">
		insert into category (recipeIdx, ingredient1, ingredient2, ingredient3, hand)
		values(#{recipeIdx}, #{ingredient1}, #{ingredient2}, #{ingredient3}, #{hand})
	</insert>
	
	<!-- 가장 최근에 추가된 레시피 번호를 불러오기 -->
	<select id="selectRecentRecipeIdx" resultType="int">
		select max(recipeIdx) from recipe
	</select>
	
	<!-- 이동 -->
	<select id="selectList_video" resultType="recipe">
		select * 
		from recipe R
		join category C
		on R.recipeidx = C.recipeidx
		order by R.recipeIdx
	</select>	
	
	
	<!-- 홈 -->
	<select id="getList" resultType="recipe">
		select * from  (select * from recipe
                              order by dbms_random.value)
          fetch first 3 rows only
	</select>
	
	<select id="getPopList" resultType="recipe">
		SELECT *
			FROM recipe
			  ORDER BY views DESC
			fetch first 3 rows only
	</select>
	
	
	
	<select id="getRecipeList" resultType="recipe">
	select r.* from recipe r full outer join (select * from category )c on r.recipeidx = c.recipeidx 
		where r.recipeidx = c.recipeidx
	<choose>
		<when test="ingredient1  != null">
			and ingredient1 = #{ingredient1}
		</when>
		<when test="ingredient2 != null">
			and ingredient2 = #{ingredient2}  
		</when>
		<when test="ingredient3 != null">
			and ingredient3 = #{ingredient3}  
		</when>
		<when test="hand != null">
			and hand = #{hand}  
		</when>
	</choose>
		 order by r.recipeIdx
	</select>
	
	<select id="selectIngredient" resultType="recipe" parameterType="category">
	select r.* from recipe r full outer join (select * from category )c on r.recipeidx = c.recipeidx 
		where r.recipeidx = c.recipeidx
	<choose>
		<when test="ingredient1  != null and ingredient2 != null and ingredient3 != null and hand != null">
			and ingredient1 = #{ingredient1}
			and ingredient2 = #{ingredient2}
			and ingredient3 = #{ingredient3}
			and hand = #{hand}
		</when>
		<when test="ingredient1  != null and ingredient2 != null and ingredient3 != null">
			and ingredient1 = #{ingredient1}
			and ingredient2 = #{ingredient2}
			and ingredient3 = #{ingredient3}
		</when>
		<when test="ingredient1  != null and ingredient2 != null and hand != null">
			and ingredient1 = #{ingredient1}
			and ingredient2 = #{ingredient2}
			and hand = #{hand}
		</when>
		<when test="ingredient1  != null and ingredient3 != null and hand != null">
			and ingredient1 = #{ingredient1}
			and ingredient3 = #{ingredient3}
			and hand = #{hand}
		</when>
			<when test="ingredient2 != null and ingredient3 != null and hand != null">
			and ingredient2 = #{ingredient2}
			and ingredient3 = #{ingredient3}
			and hand = #{hand}
		</when>
		<when test="ingredient1  != null and ingredient2 != null">
			and ingredient1 = #{ingredient1}
			and ingredient2 = #{ingredient2}
		</when>
		<when test="ingredient1  != null and ingredient3 != null ">
			and ingredient1 = #{ingredient1}
			and ingredient3 = #{ingredient3}
		</when>
		<when test="ingredient1  != null and hand != null">
			and ingredient1 = #{ingredient1}
			and hand = #{hand}
		</when>
		<when test="ingredient2 != null and ingredient3 != null">
			and ingredient2 = #{ingredient2}
			and ingredient3 = #{ingredient3}
		</when>
		<when test="ingredient2 != null and hand != null">
			and ingredient2 = #{ingredient2}
			and hand = #{hand}
		</when>
		<when test="ingredient3 != null and hand != null">
			and ingredient3 = #{ingredient3}
			and hand = #{hand}
		</when>
		<when test="ingredient1  != null">
			and ingredient1 = #{ingredient1}
		</when>
		<when test="ingredient2 != null">
			and ingredient2 = #{ingredient2}  
		</when>
		<when test="ingredient3 != null">
			and ingredient3 = #{ingredient3}  
		</when>
		<when test="hand != null">
			and hand = #{hand}  
		</when>
	</choose>
		 order by r.recipeIdx
	</select>
	
	<update id="updateViews" parameterType="int">
		update recipe
			set
				views = views + 1
			where
				recipeIdx = #{recipeIdx}
	</update>
	
	<!-- count 세팅 -->
	<select id="getBeef" resultType="int">
	select count(ingredient1) from category where ingredient1= '소고기'
	</select>
	<select id="getPork" resultType="int">
	select count(ingredient1) from category where ingredient1= '돼지고기'
	</select>
	<select id="getChicken" resultType="int">
	select count(ingredient1) from category where ingredient1= '닭고기'
	</select>
	<select id="getMeat" resultType="int">
	select count(ingredient1) from category where ingredient1= '고기류'
	</select>
	<select id="getHam" resultType="int">
	select count(ingredient1) from category where ingredient1= '햄'
	</select>
	<select id="getSalmon" resultType="int">
	select count(ingredient1) from category where ingredient1= '연어'
	</select>
	<select id="getTuna" resultType="int">
	select count(ingredient1) from category where ingredient1= '참치'
	</select>
	<select id="getNoodle" resultType="int">
	select count(ingredient1) from category where ingredient1= '면류'
	</select>
	<select id="getSeafood" resultType="int">
	select count(ingredient1) from category where ingredient1= '해물류'
	</select>
	<select id="getBread" resultType="int">
	select count(ingredient1) from category where ingredient1= '빵_밀가루'
	</select>
	<select id="getAlage" resultType="int">
	select count(ingredient1) from category where ingredient1= '해조류'
	</select>
	<select id="getTofu" resultType="int">
	select count(ingredient2) from category where ingredient2= '두부'
	</select>
	<select id="getFishcake" resultType="int">
	select count(ingredient2) from category where ingredient2= '어묵'
	</select>
	<select id="getKimchi" resultType="int">
	select count(ingredient2) from category where ingredient2= '김치'
	</select>
	<select id="getOnion" resultType="int">
	select count(ingredient2) from category where ingredient2= '양파'
	</select>
	<select id="getMushroom" resultType="int">
	select count(ingredient2) from category where ingredient2= '버섯'
	</select>
	<select id="getEgg" resultType="int">
	select count(ingredient2) from category where ingredient2= '유제품_계란'
	</select>
	<select id="getGarlic" resultType="int">
	select count(ingredient2) from category where ingredient2= '마늘'
	</select>
	<select id="getGreenOnion" resultType="int">
	select count(ingredient2) from category where ingredient2= '파'
	</select>
	<select id="getPotato" resultType="int">
	select count(ingredient2) from category where ingredient2= '감자'
	</select>
	<select id="getPepper" resultType="int">
	select count(ingredient2) from category where ingredient2= '고추'
	</select>
	<select id="getSquash" resultType="int">
	select count(ingredient2) from category where ingredient2= '애호박'
	</select>
	<select id="getVegetables" resultType="int">
	select count(ingredient2) from category where ingredient2= '채소류'
	</select>
	<select id="getMiso" resultType="int">
	select count(ingredient3) from category where ingredient3= '된장'
	</select>
	<select id="getChiliPepperPaste" resultType="int">
	select count(ingredient3) from category where ingredient3= '고추장'
	</select>
	<select id="getSoySauce" resultType="int">
	select count(ingredient3) from category where ingredient3= '간장'
	</select>
	<select id="getTomatoSauce" resultType="int">
	select count(ingredient3) from category where ingredient3= '토마토소스'
	</select>
	<select id="getButter" resultType="int">
	select count(ingredient3) from category where ingredient3= '버터'
	</select>
	<select id="getMayonnaise" resultType="int">
	select count(ingredient3) from category where ingredient3= '마요네즈'
	</select>
	<select id="getMara" resultType="int">
	select count(ingredient3) from category where ingredient3= '마라'
	</select>
	<select id="getKetchup" resultType="int">
	select count(ingredient3) from category where ingredient3= '케찹'
	</select>
	<select id="getCondiment" resultType="int">
	select count(ingredient3) from category where ingredient3= '조미료'
	</select>
	<select id="getCurry" resultType="int">
	select count(ingredient3) from category where ingredient3= '카레'
	</select>
	<select id="getJjajang" resultType="int">
	select count(ingredient3) from category where ingredient3= '짜장'
	</select>
	<select id="getBronze" resultType="int">
	select count(hand) from category where hand= '똥손'
	</select>
	<select id="getSilver" resultType="int">
	select count(hand) from category where hand= '은손'
	</select>
	<select id="getGold" resultType="int">
	select count(hand) from category where hand= '금손'
	</select>
	<select id="getMommyHand" resultType="int">
	select count(hand) from category where hand= '마미손'
	</select>
	
	<update id="updateHeart" parameterType="int">
		update recipe
			set
				likeSum = likeSum + 1
			where
				recipeIdx = #{recipeIdx}
	</update>
	
	<update id="updateMinusHeart" parameterType="int">
		update recipe
			set
				likeSum = likeSum - 1
			where
				recipeIdx = #{recipeIdx}
	</update>
	
		
	<!-- 좋아요 목록 -->
	<select id="getLikeHeart" parameterType="int" resultType="recipe">
      	select
       	R.recipeIdx As recipeIdx,
      	R.recipeName As recipeName,
       	R.recipeThumbNail As recipeThumbNail
		from recipe R
		join likeHeart H 
		on H.recipeIdx = R.recipeIdx
		where H.userIdx = #{userIdx}
	</select>
	
	

</mapper>