<?xml version="1.0" encoding="UTF-8"?>
<beans:beans xmlns="http://www.springframework.org/schema/mvc"
	xmlns:xsi="http://www.w3.org/2001/XMLSchema-instance"
	xmlns:beans="http://www.springframework.org/schema/beans"
	xmlns:mvc="http://www.springframework.org/schema/mvc"
	xmlns:context="http://www.springframework.org/schema/context"
	xsi:schemaLocation="http://www.springframework.org/schema/mvc https://www.springframework.org/schema/mvc/spring-mvc.xsd
		http://mybatis.org/schema/mybatis-spring http://mybatis.org/schema/mybatis-spring-1.2.xsd
		http://www.springframework.org/schema/beans https://www.springframework.org/schema/beans/spring-beans.xsd
		http://www.springframework.org/schema/context https://www.springframework.org/schema/context/spring-context.xsd">

	<!-- DispatcherServlet Context: defines this servlet's request-processing infrastructure -->
	
	<!-- Enables the Spring MVC @Controller programming model -->
	<annotation-driven>
		<message-converters>
			<beans:bean class="org.springframework.http.converter.StringHttpMessageConverter">
				<beans:property name="supportedMediaTypes">
					<beans:list>
						<beans:value>text/html;charset=utf-8</beans:value>
					</beans:list>
				</beans:property>
			</beans:bean>
		</message-converters>
	</annotation-driven>

	<!-- Handles HTTP GET requests for /resources/** by efficiently serving up static resources in the ${webappRoot}/resources directory -->
	<resources mapping="/resources/**" location="/resources/" />
	<resources mapping="/nangmoney_t_img/**" location="file:/nangmoney_t_img\\" />
	<resources mapping="/upload_community/**" location="file:/upload_community\\" />

	<!-- Resolves views selected for rendering by @Controllers to .jsp resources in the /WEB-INF/views directory -->
	<beans:bean class="org.springframework.web.servlet.view.InternalResourceViewResolver">
		<beans:property name="prefix" value="/WEB-INF/views/" />
		<beans:property name="suffix" value=".jsp" />
	</beans:bean>
	
	<beans:bean id="multipartResolver"
				class="org.springframework.web.multipart.commons.CommonsMultipartResolver">
		<beans:property name="maxUploadSize" value="10485760"/>
		<beans:property name="maxInMemorySize" value="10485760" />
		<beans:property name="defaultEncoding" value="utf-8"/>
	</beans:bean>
	
	<!-- interceptor를 활성화 하기 위한 스프링 빈 -->
 	<mvc:interceptors>
 		<mvc:interceptor>
				<mvc:mapping path="/**"/>
				<beans:bean id="cookieInterceptor" class="com.itbank.interceptor.CookieInterceptor" />
 		</mvc:interceptor>
 		<mvc:interceptor>
 			<mvc:mapping path="/admin/**"/>
 			<beans:bean id="adminInterceptor" class="com.itbank.interceptor.AdminInterceptor" />
 		</mvc:interceptor>
 		<mvc:interceptor>
 			<mvc:mapping path="/member/mypage/**"/>
 			<mvc:mapping path="/community/write/**"/>
 			<mvc:mapping path="/community/modify/**"/>
 			<mvc:mapping path="/community/modify_uploadFile/**"/>
 			<mvc:mapping path="/community/delete/**"/>
 			<beans:bean id="loginInterceptor" class="com.itbank.interceptor.LoginInterceptor" />
 		</mvc:interceptor>
 		
 	</mvc:interceptors>
 	
	
	<context:component-scan base-package="com.itbank.controller" />
	
	
	
</beans:beans>
